1,179ダブリュジー
2,17℃
3,1パーセント
4,1メートルキャレ
5,22オクトーブル
6,23区
7,24カラッツ
8,2オンス
9,2パーセントトウキョウ
10,2ビーフリー
11,トランテアンソンドゥモード
12,3カン4オン
13,3ドバイヴァンキッシュ
14,45アールピーエム
15,4℃
16,5351プールオム
17,55ディーゼル
18,575デニム
19,7フォーオールマンカインド
20,7ユニオン
21,877*7(バナナセブン)
22,88ズ
23,アーヴェヴェ
24,アーカー
25,アーキ
26,アークテリクス
27,アージュヴェール
28,アースミュージック&エコロジー
29,アーティショ
30,アーネストソーン
31,アーノルドパーマー
32,アーノルドパーマータイムレス
33,アーバンリサーチ
34,アーバンアウトフィッターズ
35,アーペーセー
36,アーベーセーアンフェイス
37,アーメン
38,アールアンドイー
39,アールエヌエー
40,アールジーン
41,アールユー
42,アールユージーンズ
43,アールユーノアール
44,アイアイエムケー
45,アイグナー
46,アイシービー
47,アイスキン
48,アイスバーグ
49,アイロニー
50,アインシュリット
51,アヴァランチ
52,アヴァンリリィ
53,アヴィレックス
54,アウェイク
55,アウトドアプロダクツ
56,アウラアイラ
57,アガタ
58,アガット
59,アガットアディション
60,アガットクラシック
61,アガットファースト
62,アカデミクス
63,アキュート
64,アグ
65,アグオーストラリア
66,アクアガール
67,アクアシャボン
68,アクアスキュータム
69,アクアネーム
70,アクアブルー
71,アクサラ
72,アクシーズファム
73,アクセサライズ
74,アクセンチュアル
75,アクネ
76,アクリス
77,アゲインスト
78,アゴスト
79,アサシン
80,アシール
81,アシックス
82,あしながおじさん
83,アジリティー
84,アジリティーアッファ
85,アジリティービゾン
86,アジリティープロ
87,アズール
88,アズールバイマウジー
89,アズノウアズ
90,アズノゥアズドゥバズ
91,アタッチメント
92,アダバット
93,アダムエロペ
94,アッシュ&ダイヤモンド
95,アッシュペーフランス
96,アップタイト
97,アツロウタヤマ
98,アディクト
99,アディダス
100,アディダスオリジナルス
101,アドーア
102,アトウ
103,アドミラル
104,アトモスガール
105,アデュートリステス
106,アトリエサブ
107,アトリエシックス
108,アトリエボズ
109,アナイ
110,アナザーエディション
111,アナスイ
112,アナップ
113,アナップミンピ
114,アナップラティーナ
115,アナトリエ
116,アニエスベー
117,アニオナ
118,アニモ
119,アニヤハインドマーチ
120,アネコノミ
121,アネロ
122,アパートバイローリーズ
123,アパートメントマーケット
124,アバクロンビー&フィッチ
125,アバハウス
127,アピアナ
128,アビエニア
129,アビラピンク
130,アフターザレイン
131,アフタヌーンティー
132,アフリカタロウ
133,アプレ
134,アプレジュール
135,アプワイザーリッシェ
136,アベイシングエイプ
137,アベイル
138,アマート
139,アミドゥパ
140,アミティエ
141,アメーバマーズ
142,アメリカンアパレル
143,アメリカンイーグル
144,アメリカンツーリスター
145,アメリカンラグシー
146,アモリコ
147,アラバマ
148,アラマンダ
149,アラモードマルシェ
150,アリーナ
151,アリゾナフリーダム
152,アリス+オリビア
153,アリスアウアア
154,アリスアンドザパイレーツ
155,アリスバーリー
156,アルディラ
157,アルカリ
158,アルゴンキン
159,アルシーヴ
160,アルセラピィ
161,アルティザン&アーティスト
162,アルバローザ
163,アルビオン
164,アルファインダストリーズ
165,アルファキュービック
166,アルファベットアルファベット
167,アルブム
168,アルフレッドバニスター
169,アルページュ
170,アルベルタフェレッティ
171,アルマーニ
172,アルマーニエクスチェンジ
173,アルマーニジーンズ
174,アルモリュクス
175,アレキサンダーワン
176,アレキサンダーマックイーン
177,アレッサンドラオーラ
178,アレッサンドラデラクア
179,アレンビー
180,アロー
181,アロマグラン
182,アンクラーク
183,アンクライン
184,アンクルージュ
185,アンクワイエット
186,アンシーキー
187,アンシェリ
188,アンジェリックプリティ
189,アンシャントマン
190,アンズ
191,アンスクウィーキー
192,アンダーカバー
193,アンタイトル
194,アンティークデニム
195,アンティローザ
196,アンテナチュア
197,アンテプリマ
198,アンドゥムルメステール
199,アンドエー
200,アントゲージ
201,アンドサンズ
202,アントニオマラス
203,アンドバイピンキーアンドダイアン
204,アンドレルチアーノ
205,アンナマリー
206,アンナモリナーリ
207,アンナニコラ
208,アンナルナ
209,アンビー
210,アンブロ
211,アンメートルキャレ
212,アンリーフ
213,イージースピリット
214,イーストボーイ
215,イーハイフンワールドギャラリー
216,イープレイ
217,イーボル
218,イーリーキシモト
219,イヴサンローラン
220,イヴマリアージュ
221,イヴァナヘルシンキ
222,イエガ－
223,イェッカヴェッカ
224,イエナ
225,イエローブーツ
226,イザベルマラン
227,伊太利屋
228,一澤帆布
229,イッセイミヤケ
230,イットスーツ
231,イデアセブンスセンス
232,イデアレーベル
233,イネド
234,イノウェーブ
235,イノベーター
236,イビロブ
237,イプサ
238,イプダ
239,イブルース
240,イマージュ
241,イランイラン
242,イリマバイピュアエレガンス
243,イング
244,イングリッド
245,インゲボルグ
246,インシード
247,インソムニア
248,インタープラネット
249,インディアン
250,インディヴィ
251,インディゴハンド
252,インディビジュアル
253,インディペンデントガール
254,インテレクション
255,インバーアラン
256,インパクティスケリー
257,インハビタント
258,インフェクトカラーズ
259,ヴァベーネ
260,ヴァネッサ・ブリューノ
261,ヴァルクーレ
262,ヴァレンティノ
263,ヴァンス
264,ウィーエスシー
265,ウィゴー
266,ヴィヴィアンウエストウッド
267,ヴィヴィアンタム
268,ヴィヴィピーヴィサリア
269,ヴィクタアンドロルフ
270,ヴィクトリアシークレット
271,ウィズ
272,ヴィス
273,ヴィズヴィム
274,ウィスプ
275,ヴィタノーヴァ
276,ウィッカ
277,ヴィニー
278,ウィリアムウォレス
279,ウィルセレクション
280,ヴー
281,ウエアハウス
282,ヴェールブラン
283,ヴェールダンス
284,ヴェラブラッドリー
285,ヴェリココ
286,ヴェルサス
287,ウェルビーイング
288,ヴォイスメール
289,ウォーターマン
290,ウブドアネーロ
291,ウフドゥー
292,ウルラ
293,エアウォーク
294,エアバギー
295,エアロポステール
296,エイゾー
297,エイソス
298,エイチナオト
299,エイチアンドエム
300,エイチビージー
301,エイボン
302,エヴィス
303,エヴー
304,エヴォラ
305,エーディーエムジェー
306,エーシーシェンナ
307,エーアールコノミ
308,エーアイシー
309,エージー
310,エーシーバイエンジェルカラー
311,エーシーディーシーラグ
312,エージープラス
313,エーズラビット
314,エーティー
315,エーディエムジェイ
316,エクサントリーク
317,エクストララージ
318,エクスペディションモード
319,エクスボーテ
320,エクリュクス
321,エクリュフィル
322,エゴイスト
323,エコー
324,エコノ（ラボキゴシ）
325,エスカーダ
326,エスタコット
327,エスティーヌ
328,エスビーワイ
329,エスプリ
330,エスペランサxyz
331,エターナルジーンズ
332,エタミンヌ
333,エックスオーエックスオー
334,エックスガール
335,エディーバウアー
336,エティエンヌアイグナー
337,エドウィン
338,エドハーディー
339,エニィスィス
340,エニィファム
341,エヌエスファクトリー
342,エピデミーク
343,エフアンドブイ
344,エフデ
345,エポイ
346,エポカ
347,エミスフィール
348,エミュー
349,エミリアン
350,エミリーテンプルキュート
351,エミリオプッチ
352,エムイーアイ
353,エムイードット
354,エムエックスピー
355,エムシー
356,エムシーエム
357,エムビー
358,エメフィール
359,エモダ
360,エラス
361,エルチャンス
362,エルゴベビー
363,エルディーエス
364,エルビーゼロスリー
365,エルメス
366,エレガンス卑弥呼
367,エレクト
368,エレッセ
369,エレメント
370,エンプリーベ
372,エンジェルハート
373,エンジェルブルー
374,エンスウィート
375,エンネア
376,エンポリオアルマーニ
377,エンリココベリ
378,オーシャンパシフィック
379,オーチバル
380,オーバータッシェ
381,オーバーライド
382,オーブ
383,オールドネイビー
384,オカビー
385,オズノッツ
386,オズモーシス
387,オゾック
388,オゾンロックス
389,オデットエオディールユナイテッドアローズ
390,オニール
391,オニツカタイガー
392,オフオン
393,オベリスク
394,オペルカアズーロ
395,オムニゴッド
396,オリーブデオリーブ
397,オリエント
398,オリス
399,オリヒメ
400,オルタナティブ
401,オンザカウチ
402,オンリーミネラル
403,カーサノイ
404,カーネリアン
405,カーハート
406,カーライフ
407,カールカナイ
408,カールパークレーン
409,快晴堂
410,カイラニ
411,ガイモ
412,カオン
414,カシュカシュ
415,カシル
416,ガス
417,かすう工房
418,カスッチ
419,カッパ
420,カテリーナルッキ
421,カドゥードゥレーヴ
422,カトー
423,カナタ
424,カナナプロジェクト
425,カナル４℃
426,カパルア
427,カムイ
428,カリアング
429,カリマー
430,カルー
431,ガルシアマルケス
432,カルソーアースシューズ
433,カルティエ
434,ガルニ
435,カルバンクライン
436,ガルラ
437,カレンウォーカー
438,カロアンドリリ
439,カロリーウォークプラス
440,カンゴール
441,キー
442,キスキス
443,ギタリストリップ
444,キットソン
445,キャサリンハムネット
446,キャスキッドソン
447,ギャップ
448,キャトヴィ
449,ギャミヌリィ
451,キャメロンレイシー
452,ギャラクシー
453,ギャルズビル
454,ギャレッツ
455,キャンツー
456,キャンディフロート
457,キャントン
458,Q
459,キューブシュガー
460,キョウイチフジタ
461,クードシャンス
462,グーリンブラザーズ
463,クールギア
464,クールビット
465,クアイ
466,クイーンケリー
467,クイーンクラレットスタジオOIカラーフォーマル
468,クイーンズコート
469,クイーンビー
470,クオーター
471,クストバルセロナ
472,クチュールバイロジータ
473,クッキーフォーチューンラブ
474,グッチ
475,クニルプス
476,クミキョク
477,グラスライン
478,グラスジーンズ
479,グラッドニュース
480,グラビル
481,グラニフ
482,クラブケーティシブヤ
483,クラムジー
484,グラムジーン
485,クラレンドン
486,クランデュイュ
487,グランドエッジ
488,グランドフルール
489,クリア
490,クリアインプレッション
491,グリード
492,グリーンレーベルリラクシング
493,クリスタルシルフ
494,クリスタルボール
495,クリスチャンディオール
496,クリスチャンオジャール
497,クリスチャンルブタン
498,クリストフルメール
499,クリツィア
500,クリックス
